CustomerID,Timestamp,ProductID,Category,Price,Quantity,Action
1052,2023-01-01,2,Clothing,125.57022358040668,2,Add to Cart
1093,2023-01-02,15,Clothing,191.99678091779242,3,Add to Cart
1015,2023-01-03,8,Clothing,40.64569117971053,1,Add to Cart
1072,2023-01-04,8,nan,,2,View
1061,2023-01-05,17,nan,,5,Purchase
1021,2023-01-06,12,Books,369.4717567207331,1,Add to Cart
1083,2023-01-07,19,Home,156.72732014102448,1,View
1087,2023-01-08,10,Books,95.00523639031904,2,Add to Cart
1075,2023-01-09,9,Electronics,322.40109959041257,3,Purchase
1075,2023-01-10,5,Books,253.12152821547753,1,View
1088,2023-01-11,6,Home,97.34370878327438,5,View
1100,2023-01-12,20,Books,346.09652281443323,1,Purchase
1024,2023-01-13,2,Electronics,495.6519515924388,5,Purchase
1003,2023-01-14,13,Clothing,376.13759799359843,4,Add to Cart
1022,2023-01-15,6,Books,372.59332947594976,4,Add to Cart
1053,2023-01-16,5,Electronics,475.65324893598995,5,Purchase
1002,2023-01-17,1,Electronics,109.43882011170207,3,Purchase
1088,2023-01-18,6,Home,287.1194828115058,1,View
1030,2023-01-19,6,Home,490.0268903666029,1,Purchase
1038,2023-01-20,16,Books,90.99411437538552,4,Purchase
1002,2023-01-21,4,Clothing,353.1234601278153,5,Add to Cart
1064,2023-01-22,11,Electronics,297.04697152623197,1,Purchase
1060,2023-01-23,9,Books,297.3747551724664,1,Add to Cart
1021,2023-01-24,3,Electronics,351.8586074848368,3,Purchase
1033,2023-01-25,19,Electronics,465.5122922090853,2,Purchase
1076,2023-01-26,8,Clothing,393.4651505271556,4,Purchase
1058,2023-01-27,5,Clothing,37.5066906739429,4,Purchase
1022,2023-01-28,4,Books,427.83672973909853,2,Purchase
1089,2023-01-29,6,nan,,1,Add to Cart
1049,2023-01-30,2,Clothing,194.68794072082227,3,View
1091,2023-01-31,20,Books,236.24907867006726,3,Purchase
1059,2023-02-01,11,Clothing,245.64394036900413,4,Add to Cart
1042,2023-02-02,4,nan,,3,View
1092,2023-02-03,15,Electronics,469.3031141657736,2,Purchase
1060,2023-02-04,6,Electronics,355.94931375537203,1,Purchase
1080,2023-02-05,17,Electronics,319.2736165187861,2,Purchase
1015,2023-02-06,6,Electronics,34.42259361364136,5,Purchase
1062,2023-02-07,19,Books,452.9175318275836,4,Add to Cart
1062,2023-02-08,2,nan,,3,Add to Cart
1047,2023-02-09,15,Electronics,392.30440108075015,5,Purchase
1062,2023-02-10,11,Electronics,13.444309868673386,3,Purchase
1051,2023-02-11,8,Electronics,38.067323028035446,1,Purchase
1055,2023-02-12,19,Home,120.35961411155998,1,View
1064,2023-02-13,13,Electronics,74.36120999100429,1,Purchase
1003,2023-02-14,12,Home,205.42965455482744,3,Purchase
1051,2023-02-15,5,Books,462.08529846301695,5,Add to Cart
1007,2023-02-16,6,Clothing,241.30961275652916,1,Add to Cart
1021,2023-02-17,4,Electronics,16.567286951761147,5,Purchase
1073,2023-02-18,19,Clothing,148.5453878935934,3,Purchase
1039,2023-02-19,20,Clothing,31.851505102751155,5,Add to Cart
1018,2023-02-20,1,Books,27.780935080616057,3,View
1004,2023-02-21,20,Clothing,145.1027280168206,3,Add to Cart
1089,2023-02-22,17,Home,145.05004595268326,4,Add to Cart
1060,2023-02-23,12,Clothing,395.692035274786,3,Purchase
1014,2023-02-24,15,Clothing,487.66897986274483,3,Purchase
1009,2023-02-25,1,Clothing,191.89147600609917,2,Add to Cart
1090,2023-02-26,14,Electronics,220.15457064190892,1,Purchase
1053,2023-02-27,6,Electronics,423.9468237801505,4,Purchase
1002,2023-02-28,5,Home,141.38811984680154,4,Add to Cart
1084,2023-03-01,11,nan,,4,Purchase
1092,2023-03-02,4,Electronics,428.0139154677887,2,Purchase
1060,2023-03-03,13,Home,32.78528735563209,3,Purchase
1071,2023-03-04,11,Electronics,313.65272569771366,1,Purchase
1044,2023-03-05,3,Books,285.3764952587353,5,View
1008,2023-03-06,1,Clothing,179.50101927583017,3,View
1047,2023-03-07,6,Clothing,164.4428653377059,2,View
1035,2023-03-08,18,Home,388.2102858289944,3,Purchase
1078,2023-03-09,10,Electronics,52.34805927364778,3,Purchase
1081,2023-03-10,5,Electronics,126.02431156257884,2,Purchase
1036,2023-03-11,10,Home,368.899878600664,4,View
1050,2023-03-12,12,Electronics,278.67708602594786,4,Purchase
1004,2023-03-13,2,Books,72.71422218145733,1,Add to Cart
1002,2023-03-14,13,Clothing,442.24645099820947,1,Purchase
1006,2023-03-15,8,Home,202.78944481615986,4,View
1054,2023-03-16,2,Home,415.65550390786467,5,Add to Cart
1004,2023-03-17,20,Electronics,395.97937760857724,3,Purchase
1054,2023-03-18,1,nan,,5,Purchase
1093,2023-03-19,5,Books,252.29575433459556,3,View
1063,2023-03-20,9,Electronics,489.97991178706087,4,Purchase
1018,2023-03-21,17,Electronics,81.03288546611034,1,Purchase
1090,2023-03-22,9,Electronics,365.32630650004626,1,Purchase
1044,2023-03-23,11,Electronics,103.68344371774661,5,Purchase
1034,2023-03-24,15,Books,175.7489216128507,1,Purchase
1074,2023-03-25,6,Electronics,161.26238425286567,4,Purchase
1062,2023-03-26,3,Home,474.0476339919743,5,Purchase
1100,2023-03-27,17,nan,,3,View
1014,2023-03-28,5,Clothing,99.6775676750163,1,Add to Cart
1095,2023-03-29,12,Clothing,20.797228545777052,2,View
1048,2023-03-30,18,Home,362.80393943492544,1,View
1015,2023-03-31,14,Home,214.81506759653732,3,Add to Cart
1072,2023-04-01,11,nan,,5,Purchase
1078,2023-04-02,9,Clothing,345.03951173275084,3,Add to Cart
1087,2023-04-03,2,Clothing,277.1017088477428,2,View
1062,2023-04-04,12,Clothing,490.4532427805419,4,Purchase
1040,2023-04-05,3,Clothing,121.43065297207568,1,Add to Cart
1085,2023-04-06,3,Clothing,207.94915940000865,5,Purchase
1080,2023-04-07,1,Electronics,275.84744366375725,4,Purchase
1082,2023-04-08,8,Home,397.9329943421423,3,Add to Cart
1053,2023-04-09,8,Electronics,278.9309417928288,5,Purchase
1024,2023-04-10,11,Clothing,310.3210788223551,4,Add to Cart
1026,2023-04-11,9,Books,120.81205527907096,5,View
1089,2023-04-12,5,nan,,2,Purchase
1060,2023-04-13,14,Clothing,220.0289680155331,2,View
1041,2023-04-14,3,nan,,1,View
1029,2023-04-15,5,Books,335.45207810765453,1,Purchase
1015,2023-04-16,5,Electronics,115.88432206080068,2,Purchase
1045,2023-04-17,19,Electronics,57.805630017256874,5,Purchase
1065,2023-04-18,14,Clothing,432.37358511809344,2,View
1089,2023-04-19,4,Electronics,235.47950959933544,1,Purchase
1071,2023-04-20,13,Books,377.1490192209304,2,Add to Cart
1009,2023-04-21,10,Electronics,152.387904305114,2,Purchase
1088,2023-04-22,18,Clothing,395.6153661096565,5,View
1001,2023-04-23,8,Books,64.84860424054986,4,View
1008,2023-04-24,8,Electronics,184.42695315947785,1,Purchase
1088,2023-04-25,7,Home,489.250290807029,5,Add to Cart
1063,2023-04-26,8,Books,399.054961020323,2,View
1011,2023-04-27,14,Books,253.6554058541972,2,View
1081,2023-04-28,19,Home,176.4909610653237,4,Purchase
1008,2023-04-29,6,Home,437.3464930110135,1,Purchase
1035,2023-04-30,1,Books,276.97540195141266,1,View
1035,2023-05-01,15,Home,381.62825875586447,3,View
1033,2023-05-02,1,Clothing,379.51276335492037,1,Purchase
1005,2023-05-03,17,Clothing,18.793382498560995,4,Add to Cart
1041,2023-05-04,1,Clothing,71.8643535683806,3,Add to Cart
1028,2023-05-05,15,Books,333.2183895334237,3,Add to Cart
1007,2023-05-06,2,Home,89.193707530077,2,Add to Cart
1073,2023-05-07,14,Home,135.1917388812463,2,Add to Cart
1072,2023-05-08,8,Electronics,473.8525975578075,1,Purchase
1012,2023-05-09,8,Electronics,284.48930660370684,3,Purchase
1034,2023-05-10,19,Home,377.8574584296801,2,Add to Cart
1033,2023-05-11,7,Home,283.4105620034935,4,Purchase
1048,2023-05-12,19,Home,280.73167124353535,2,Add to Cart
1023,2023-05-13,6,nan,,2,Add to Cart
1062,2023-05-14,6,Home,178.3949643784605,3,Add to Cart
1088,2023-05-15,3,Electronics,148.39114035639074,3,Purchase
1037,2023-05-16,7,nan,,5,Purchase
1099,2023-05-17,19,Home,401.1886522299209,4,Purchase
1044,2023-05-18,8,Electronics,192.24700727926378,3,Purchase
1086,2023-05-19,10,nan,,1,Add to Cart
1091,2023-05-20,20,Home,204.7168813378051,4,Add to Cart
1035,2023-05-21,15,nan,,4,View
1065,2023-05-22,15,Home,226.12535754288402,3,Purchase
1099,2023-05-23,1,Books,105.84854379181236,4,Add to Cart
1047,2023-05-24,20,Electronics,101.49441492879032,3,Purchase
1078,2023-05-25,7,Electronics,56.077691172790516,2,Purchase
1003,2023-05-26,4,Clothing,184.7687773294647,5,View
1001,2023-05-27,6,Home,381.1661235468145,2,View
1005,2023-05-28,1,Clothing,145.4564283858641,3,Purchase
1090,2023-05-29,5,Clothing,163.05105992390165,3,Add to Cart
1014,2023-05-30,1,Electronics,324.91058225948757,2,Purchase
1027,2023-05-31,4,Books,105.96199816759025,1,View
1009,2023-06-01,2,Books,449.50938590753185,1,Add to Cart
1079,2023-06-02,10,Electronics,264.8933563932617,1,Purchase
1015,2023-06-03,5,Books,229.32544075690632,3,Purchase
1090,2023-06-04,10,Clothing,283.3318940453087,4,View
1042,2023-06-05,1,Home,91.35681357393577,3,Purchase
1077,2023-06-06,6,Electronics,310.6018379331964,4,Purchase
1051,2023-06-07,13,Home,187.91936095066512,2,Add to Cart
1063,2023-06-08,15,nan,,5,Add to Cart
1096,2023-06-09,4,nan,,4,View
1052,2023-06-10,13,Books,258.4550408940661,1,Add to Cart
1096,2023-06-11,20,Books,303.0751883908188,3,Add to Cart
1004,2023-06-12,15,nan,,2,Add to Cart
1094,2023-06-13,8,Books,188.2096311305087,1,Purchase
1023,2023-06-14,5,Clothing,368.9912650034081,2,Add to Cart
1015,2023-06-15,15,Clothing,411.98497864999695,5,Purchase
1043,2023-06-16,4,nan,,3,View
1029,2023-06-17,12,Electronics,401.3107034675481,3,Purchase
1036,2023-06-18,13,Electronics,484.2003797806605,5,Purchase
1013,2023-06-19,2,Books,429.8682286767961,3,Add to Cart
1032,2023-06-20,19,Clothing,67.64555419806935,4,View
1071,2023-06-21,19,Electronics,372.4678627219149,2,Purchase
1059,2023-06-22,4,Clothing,166.6367478958669,1,Purchase
1086,2023-06-23,4,Home,494.3238348119175,5,Add to Cart
1028,2023-06-24,11,nan,,4,View
1066,2023-06-25,5,Home,69.9926101958811,1,View
1042,2023-06-26,20,Books,365.3409185334215,1,View
1045,2023-06-27,11,Clothing,168.27548720924477,5,View
1062,2023-06-28,10,Home,498.5682969700142,4,View
1057,2023-06-29,8,Electronics,490.09340434871575,1,Purchase
1006,2023-06-30,6,Home,331.5056688300845,1,Purchase
1028,2023-07-01,6,Home,73.6149599863416,4,Purchase
1028,2023-07-02,8,Home,346.5618888607642,3,Add to Cart
1044,2023-07-03,15,Books,55.58493836541333,1,View
1084,2023-07-04,14,Electronics,24.388437960172237,2,Purchase
1030,2023-07-05,11,Clothing,413.24963864852816,4,View
1062,2023-07-06,12,Electronics,112.77894436500387,1,Purchase
1075,2023-07-07,13,nan,,5,Add to Cart
1092,2023-07-08,8,Books,486.99412108832485,2,Purchase
1089,2023-07-09,18,nan,,1,View
1062,2023-07-10,1,Books,155.27999282882448,2,View
1097,2023-07-11,15,Books,459.92191981515987,2,View
1001,2023-07-12,8,Clothing,64.26673820628947,3,Purchase
1027,2023-07-13,11,Home,382.1953809561696,2,View
1062,2023-07-14,12,Clothing,494.1521276598593,3,Purchase
1077,2023-07-15,12,nan,,4,Add to Cart
1003,2023-07-16,4,Books,329.3172801661487,3,View
1070,2023-07-17,16,Books,163.88978954643866,5,View
1072,2023-07-18,4,Electronics,134.6177707773752,1,Purchase
1027,2023-07-19,5,Clothing,411.435001387016,4,Add to Cart
1009,2023-07-20,5,Home,441.11273783633067,4,View
1062,2023-07-21,8,Home,267.4631071473895,5,Purchase
1037,2023-07-22,10,Electronics,129.72657098536843,3,Purchase
1097,2023-07-23,17,Home,65.34217212147504,1,View
1051,2023-07-24,9,Clothing,52.71793923759727,3,View
1044,2023-07-25,19,Clothing,362.34794920338925,2,Add to Cart
1024,2023-07-26,14,Electronics,215.85817664538524,3,Purchase
1079,2023-07-27,8,Clothing,453.6263383961565,4,Add to Cart
1059,2023-07-28,9,Books,372.4389373561142,1,View
1032,2023-07-29,11,nan,,3,Add to Cart
1096,2023-07-30,1,Clothing,310.7509352196925,1,Add to Cart
1088,2023-07-31,14,Electronics,223.3976726550981,1,Purchase
1052,2023-08-01,5,Home,292.8523680766204,2,Add to Cart
1062,2023-08-02,14,Clothing,371.6538704358734,2,Purchase
1058,2023-08-03,4,Books,405.0359816918575,4,Purchase
1052,2023-08-04,1,Clothing,423.4312899392949,5,Add to Cart
1012,2023-08-05,19,Electronics,134.44768854029212,1,Purchase
1039,2023-08-06,8,Electronics,25.246643959505263,5,Purchase
1002,2023-08-07,15,Clothing,372.25442023073884,4,View
1003,2023-08-08,15,Books,62.10842586532955,1,Add to Cart
1056,2023-08-09,9,Books,164.31059842035415,1,View
1081,2023-08-10,9,Books,11.8703957209301,5,Purchase
1059,2023-08-11,10,Electronics,344.01804637679385,3,Purchase
1002,2023-08-12,20,Clothing,91.89468562089841,2,Add to Cart
1002,2023-08-13,9,Home,331.0883807489125,3,Add to Cart
1092,2023-08-14,3,Electronics,495.95388241224106,5,Purchase
1054,2023-08-15,20,nan,,2,Add to Cart
1087,2023-08-16,11,Clothing,47.768225856215736,3,View
1096,2023-08-17,6,Books,176.7862454066707,2,Add to Cart
1097,2023-08-18,2,Home,434.5293919831576,1,Purchase
1001,2023-08-19,7,Books,115.6096357077526,3,Add to Cart
1019,2023-08-20,18,Books,186.5851317658703,2,View
1002,2023-08-21,2,Home,43.56764924721999,2,Purchase
1053,2023-08-22,17,Clothing,383.9460927168558,2,View
1044,2023-08-23,11,Electronics,210.07010795213105,3,Purchase
1090,2023-08-24,12,Clothing,382.031879199813,4,Add to Cart
1032,2023-08-25,19,Home,452.7678437299296,3,Purchase
1070,2023-08-26,7,Books,124.0539420796315,5,Purchase
1032,2023-08-27,20,Clothing,405.62405486657616,3,Add to Cart
1068,2023-08-28,6,Electronics,38.95600613834411,2,Purchase
1055,2023-08-29,1,Home,450.4352202083212,1,Add to Cart
1075,2023-08-30,17,Clothing,328.8765883037862,3,Purchase
1056,2023-08-31,11,Electronics,438.37109482779226,3,Purchase
1017,2023-09-01,18,Home,10.09231578272513,2,Purchase
1038,2023-09-02,17,Electronics,92.84972447443633,1,Purchase
1024,2023-09-03,7,Home,200.98209983898113,1,Add to Cart
1069,2023-09-04,17,Books,195.95642265361212,5,View
1098,2023-09-05,20,Clothing,121.09788763252023,3,Purchase
1070,2023-09-06,9,Electronics,196.98985053492805,1,Purchase
1086,2023-09-07,17,Home,73.13586888012486,1,Purchase
1011,2023-09-08,20,Electronics,212.25295334035275,4,Purchase
1016,2023-09-09,8,Electronics,403.15362128803946,4,Purchase
1097,2023-09-10,17,Clothing,244.74433092064208,1,View
1073,2023-09-11,7,Books,18.820043583155343,5,View
1059,2023-09-12,1,nan,,1,View
1070,2023-09-13,13,Home,23.315757884513637,2,Purchase
1080,2023-09-14,19,Home,483.4592712463311,3,View
1093,2023-09-15,19,Books,72.4524401172058,5,View
1003,2023-09-16,17,nan,,2,View
1020,2023-09-17,13,Books,486.66039821712207,5,Add to Cart
1059,2023-09-18,16,Home,414.75913531662025,2,Add to Cart
1036,2023-09-19,8,Clothing,352.6645338118398,3,Purchase
1019,2023-09-20,19,Electronics,421.3358456553758,3,Purchase
1090,2023-09-21,18,Clothing,491.0813596977075,4,View
1067,2023-09-22,1,Electronics,314.4588036542295,2,Purchase
1019,2023-09-23,14,nan,,4,View
1020,2023-09-24,19,Electronics,317.8366741270079,2,Purchase
1096,2023-09-25,15,Clothing,271.01118451316194,4,Add to Cart
1071,2023-09-26,18,Electronics,321.1936618957622,3,Purchase
1052,2023-09-27,2,Clothing,230.42268190655403,5,Add to Cart
1033,2023-09-28,17,Books,117.03715961282049,4,Purchase
1040,2023-09-29,18,Home,68.92114099072106,2,Purchase
1039,2023-09-30,6,Home,43.48705841080759,2,View
1082,2023-10-01,19,Electronics,139.02473403906805,3,Purchase
1001,2023-10-02,4,Clothing,32.60054652450958,2,Add to Cart
1011,2023-10-03,1,Home,287.9136821604989,1,Add to Cart
1092,2023-10-04,8,Clothing,149.07593904152495,5,Purchase
1057,2023-10-05,7,Clothing,414.02205596264577,4,View
1089,2023-10-06,3,Electronics,46.37802776430936,5,Purchase
1050,2023-10-07,10,Home,120.9122322273281,3,Purchase
1023,2023-10-08,10,Electronics,367.8206120741715,4,Purchase
1031,2023-10-09,19,Electronics,303.4160652279108,4,Purchase
1094,2023-10-10,14,Home,41.600722912092095,1,View
1042,2023-10-11,2,Home,439.84733400947823,3,Add to Cart
1099,2023-10-12,1,Books,439.85826378482795,2,Add to Cart
1007,2023-10-13,18,Books,171.8999218991292,1,Purchase
1016,2023-10-14,7,Clothing,176.7988632412867,1,Add to Cart
1090,2023-10-15,8,Home,494.6238955915852,5,View
1060,2023-10-16,1,Books,316.82632408063773,5,Add to Cart
1002,2023-10-17,3,Clothing,270.34509507834895,5,Purchase
1001,2023-10-18,8,Clothing,420.694569940443,1,Add to Cart
1048,2023-10-19,15,Clothing,149.79226579508506,2,View
1012,2023-10-20,5,nan,,4,View
1069,2023-10-21,3,Home,141.21057098928375,5,Purchase
1037,2023-10-22,19,Electronics,396.68881482847837,2,Purchase
1032,2023-10-23,1,Clothing,290.94117936125684,3,Add to Cart
1009,2023-10-24,15,Books,332.82428436863455,5,Add to Cart
1099,2023-10-25,8,Books,133.63055242130923,4,View
1019,2023-10-26,2,nan,,3,Purchase
1048,2023-10-27,3,Electronics,249.30356820163996,3,Purchase
1080,2023-10-28,14,Books,371.40721705548515,4,View
1003,2023-10-29,14,Home,267.3674811848785,5,View
1020,2023-10-30,11,Electronics,25.99638199737762,1,Purchase
1024,2023-10-31,16,Books,435.5902380969415,4,Add to Cart
1054,2023-11-01,4,Electronics,41.69657782241447,4,Purchase
1033,2023-11-02,20,Home,478.3539970231686,4,Add to Cart
1024,2023-11-03,5,Clothing,22.319559555863634,3,Add to Cart
1075,2023-11-04,14,Electronics,350.2807235040473,2,Purchase
1072,2023-11-05,16,Home,50.28146121877301,1,Add to Cart
1036,2023-11-06,18,Books,456.2315239232184,5,Add to Cart
1038,2023-11-07,7,nan,,5,Add to Cart
1084,2023-11-08,10,Electronics,77.38664966033754,2,Purchase
1099,2023-11-09,7,Books,176.99969289702483,4,View
1089,2023-11-10,1,Clothing,90.7640909199134,1,Add to Cart
1099,2023-11-11,19,nan,,5,Purchase
1025,2023-11-12,16,Electronics,474.5730768840067,5,Purchase
1093,2023-11-13,19,Books,228.1705950195462,4,Add to Cart
1018,2023-11-14,4,Home,396.5131093136262,2,Purchase
1082,2023-11-15,18,Books,323.40672497706413,1,Add to Cart
1066,2023-11-16,2,Electronics,341.4489175458122,2,Purchase
1054,2023-11-17,1,Books,74.52978485129887,2,Purchase
1035,2023-11-18,15,Clothing,124.75037893958797,1,Purchase
1080,2023-11-19,5,Books,395.5076642256741,1,Purchase
1061,2023-11-20,20,Clothing,485.6754411726437,5,View
1041,2023-11-21,11,Home,138.71106487333935,5,View
1100,2023-11-22,10,Clothing,143.06869472800952,1,Purchase
1033,2023-11-23,2,Books,241.71959507734337,3,Add to Cart
1068,2023-11-24,3,Electronics,492.0817532991645,5,Purchase
1033,2023-11-25,12,Clothing,141.78988345497083,3,View
1014,2023-11-26,20,Home,209.4162357207893,1,Add to Cart
1021,2023-11-27,5,Clothing,446.82520765551834,5,View
1048,2023-11-28,5,Clothing,11.431305984467384,2,View
1020,2023-11-29,6,Clothing,29.48532284439908,1,Add to Cart
1008,2023-11-30,9,Home,305.9951217648974,4,Purchase
1007,2023-12-01,2,Books,454.61628070929504,3,Purchase
1067,2023-12-02,12,Clothing,127.03976359694455,1,Purchase
1017,2023-12-03,3,Clothing,240.12446959354742,1,Purchase
1033,2023-12-04,20,Electronics,230.72799781233095,5,Purchase
1048,2023-12-05,12,nan,,5,Add to Cart
1076,2023-12-06,17,Clothing,315.03465090757516,5,Add to Cart
1059,2023-12-07,10,Home,240.17444386543505,4,View
1086,2023-12-08,14,Clothing,229.25938924800434,5,Add to Cart
1022,2023-12-09,17,Books,242.40132601131765,1,Purchase
1030,2023-12-10,18,Books,299.5250462228103,5,View
1038,2023-12-11,19,Clothing,273.1336692921656,2,Purchase
1051,2023-12-12,17,nan,,5,Purchase
1054,2023-12-13,14,Clothing,34.25345821189664,4,Add to Cart
1008,2023-12-14,9,Books,418.3253650217761,2,Add to Cart
1027,2023-12-15,8,Electronics,423.5230601797448,1,Purchase
1027,2023-12-16,2,Electronics,149.60493055017082,1,Purchase
1098,2023-12-17,13,nan,,3,View
1021,2023-12-18,7,Home,224.88385938334338,2,Add to Cart
1030,2023-12-19,9,Home,117.06981883352384,3,View
1097,2023-12-20,11,nan,,2,View
1028,2023-12-21,14,Home,31.750008363718674,2,View
1064,2023-12-22,4,Books,146.13281566304988,4,Purchase
1097,2023-12-23,13,Clothing,410.1742659708519,3,View
1069,2023-12-24,2,Clothing,149.4355278638198,4,View
1061,2023-12-25,5,nan,,2,Purchase
1048,2023-12-26,11,nan,,1,Add to Cart
1019,2023-12-27,6,Home,441.1327119069684,2,Add to Cart
1004,2023-12-28,18,Books,291.64198158956344,4,View
1035,2023-12-29,10,Books,24.53742930172251,3,Purchase
1064,2023-12-30,4,Electronics,340.9559016980737,3,Purchase
1049,2023-12-31,9,Books,31.97824833154864,4,View
1017,2024-01-01,6,Books,230.79253930173564,3,View
1044,2024-01-02,2,Books,465.4190802918259,5,Purchase
1092,2024-01-03,17,Books,90.94993027554658,1,View
1030,2024-01-04,5,Home,201.0374529413566,1,Add to Cart
1093,2024-01-05,6,Books,367.6315513357544,1,Purchase
1046,2024-01-06,12,nan,,3,Add to Cart
1006,2024-01-07,10,Electronics,338.7620723238289,3,Purchase
1099,2024-01-08,6,Home,136.5048945536729,2,Add to Cart
1037,2024-01-09,8,Books,340.55784792894593,2,View
1024,2024-01-10,2,Home,155.3965441410041,1,View
1093,2024-01-11,12,Books,362.0303226111803,5,Add to Cart
1046,2024-01-12,13,Clothing,477.4762325166699,2,Add to Cart
1053,2024-01-13,7,Electronics,363.48279104208126,2,Purchase
1095,2024-01-14,10,Books,432.81144642708205,3,Purchase
1099,2024-01-15,13,nan,,5,View
1060,2024-01-16,17,Books,361.61034111848124,1,View
1097,2024-01-17,14,nan,,2,Purchase
1063,2024-01-18,2,Electronics,29.873781396893897,5,Purchase
1085,2024-01-19,11,Electronics,437.082886371233,5,Purchase
1032,2024-01-20,1,Clothing,135.78017187192245,1,Add to Cart
1087,2024-01-21,19,Electronics,335.99312996924704,5,Purchase
1033,2024-01-22,4,Books,402.17389072146926,5,View
1067,2024-01-23,19,Clothing,334.7056113990842,5,View
1018,2024-01-24,11,Clothing,55.219548115896046,2,Purchase
1025,2024-01-25,8,Clothing,302.1975442415805,1,View
1095,2024-01-26,11,Books,279.29599179385036,5,Purchase
1054,2024-01-27,4,Home,451.157421356393,5,View
1058,2024-01-28,17,nan,,2,Purchase
1067,2024-01-29,7,Electronics,167.32973757265455,1,Purchase
1046,2024-01-30,8,Electronics,377.4268745738685,3,Purchase
1024,2024-01-31,3,Books,212.21090978086434,2,Add to Cart
1032,2024-02-01,2,nan,,1,Add to Cart
1047,2024-02-02,15,Clothing,326.7605441610574,5,View
1086,2024-02-03,5,nan,,1,View
1023,2024-02-04,1,nan,,1,Add to Cart
1066,2024-02-05,4,Electronics,256.05526888137354,1,Purchase
1027,2024-02-06,15,Clothing,78.04694993429334,3,Purchase
1002,2024-02-07,20,Books,66.71142727256563,1,Purchase
1090,2024-02-08,19,Electronics,85.6175669887089,3,Purchase
1017,2024-02-09,3,nan,,5,Add to Cart
1033,2024-02-10,20,Clothing,322.55977540518063,3,Add to Cart
1009,2024-02-11,11,Electronics,373.08081263454346,5,Purchase
1043,2024-02-12,17,Clothing,269.6958462339452,5,Purchase
1048,2024-02-13,13,Electronics,416.2186889472906,3,Purchase
1039,2024-02-14,11,Electronics,495.7189810994803,2,Purchase
1093,2024-02-15,2,Clothing,411.80618826848445,4,View
1042,2024-02-16,9,Home,350.49236310122,1,View
1026,2024-02-17,2,Electronics,270.9214227242018,4,Purchase
1099,2024-02-18,9,Electronics,229.93800512060704,1,Purchase
1050,2024-02-19,9,Electronics,51.352266466825746,1,Purchase
1025,2024-02-20,8,Home,205.69068671339855,5,Add to Cart
1024,2024-02-21,17,Home,455.9659720232458,1,Purchase
1013,2024-02-22,1,nan,,1,Add to Cart
1060,2024-02-23,11,Clothing,115.86516885572672,3,Add to Cart
1007,2024-02-24,8,Home,238.63781450163577,4,Purchase
1057,2024-02-25,10,Clothing,410.19436925368683,3,Add to Cart
1036,2024-02-26,7,Books,43.01843184490603,1,Add to Cart
1045,2024-02-27,3,Clothing,199.82236697764307,5,Purchase
1020,2024-02-28,3,Home,427.40220606823436,3,Add to Cart
1065,2024-02-29,18,Clothing,207.90995344336062,3,View
1008,2024-03-01,5,Home,48.03117591840602,2,Add to Cart
1016,2024-03-02,12,Clothing,275.8418405808032,1,View
1014,2024-03-03,12,Home,432.2538225099647,5,Add to Cart
1076,2024-03-04,19,Home,299.23991604704827,3,Purchase
1087,2024-03-05,6,Clothing,120.87676302497358,3,Purchase
1015,2024-03-06,2,Books,198.27741386731685,5,Add to Cart
1092,2024-03-07,12,Electronics,230.56044697914677,1,Purchase
1098,2024-03-08,19,nan,,2,Add to Cart
1066,2024-03-09,5,Clothing,382.0820026187804,3,Purchase
1032,2024-03-10,12,Books,58.448072643911345,2,View
1087,2024-03-11,17,Home,445.9294961786075,4,Add to Cart
1063,2024-03-12,17,Electronics,16.03175447787704,1,Purchase
1086,2024-03-13,10,Clothing,191.32564399038506,4,View
1051,2024-03-14,17,Clothing,23.43595188660225,4,Add to Cart
1025,2024-03-15,15,Clothing,202.55737041919272,4,View
1058,2024-03-16,12,Electronics,267.6481734479286,1,Purchase
1063,2024-03-17,16,Home,260.7238794249407,1,View
1062,2024-03-18,19,Clothing,91.15789004385002,5,Add to Cart
1022,2024-03-19,8,Books,326.41284994685003,2,Add to Cart
1058,2024-03-20,17,Clothing,31.94144074728743,2,Purchase
1058,2024-03-21,5,Clothing,383.3343418648835,5,Add to Cart
1086,2024-03-22,16,Clothing,473.85577265683764,5,Add to Cart
1049,2024-03-23,6,Clothing,176.48672530404778,4,View
1052,2024-03-24,8,Home,263.44729704002265,5,Add to Cart
1042,2024-03-25,18,Books,195.66603624881904,3,Purchase
1070,2024-03-26,12,Home,13.288091248989378,2,View
1015,2024-03-27,15,Books,199.07850641860682,5,View
1054,2024-03-28,9,Clothing,397.9429270380598,3,Purchase
1060,2024-03-29,13,nan,,3,View
1097,2024-03-30,15,Home,59.61735816142787,3,View
1008,2024-03-31,10,nan,,3,View
1053,2024-04-01,16,Home,270.23181899376897,4,View
1060,2024-04-02,7,Clothing,422.4444472548913,3,Purchase
1005,2024-04-03,17,Home,294.3085442046644,4,Purchase
1068,2024-04-04,7,Clothing,284.24733797059054,4,View
1006,2024-04-05,14,Home,61.577000746536065,3,View
1096,2024-04-06,15,Clothing,92.0062692379277,2,Purchase
1094,2024-04-07,7,Clothing,486.2923756833296,3,Purchase
1047,2024-04-08,9,Books,121.95850590983767,3,Purchase
1099,2024-04-09,19,nan,,3,View
1055,2024-04-10,16,Books,270.63722619688906,2,View
1040,2024-04-11,8,Clothing,76.5366330613292,1,Add to Cart
1052,2024-04-12,18,Electronics,58.658079349309546,1,Purchase
1016,2024-04-13,18,Clothing,112.3433946458126,4,View
1013,2024-04-14,20,Electronics,463.56229171241455,4,Purchase
1030,2024-04-15,7,nan,,2,View
1019,2024-04-16,3,Clothing,203.76279131652805,5,Purchase
1017,2024-04-17,18,nan,,1,View
1063,2024-04-18,10,Books,82.06030677762831,4,Add to Cart
1019,2024-04-19,7,Home,249.04708662427916,1,Add to Cart
1092,2024-04-20,17,Clothing,73.72341343045795,2,Purchase
1058,2024-04-21,14,Electronics,419.38531582734055,2,Purchase
1055,2024-04-22,3,nan,,5,View
1090,2024-04-23,12,Books,193.6537482130802,5,Purchase
1090,2024-04-24,13,Clothing,242.2631499567464,2,View
1062,2024-04-25,2,Clothing,227.6225794512183,4,Purchase
1023,2024-04-26,3,Electronics,497.48040679906757,1,Purchase
1009,2024-04-27,5,Books,277.2367493969682,3,Purchase
1012,2024-04-28,11,Home,53.21883485703664,5,View
1001,2024-04-29,8,Home,307.3698973726957,3,Purchase
1058,2024-04-30,12,Electronics,84.27630350624118,4,Purchase
1001,2024-05-01,7,Clothing,25.15944591835757,5,Add to Cart
1034,2024-05-02,15,Electronics,485.6636553018516,3,Purchase
1096,2024-05-03,17,Electronics,389.0340568519363,4,Purchase
1048,2024-05-04,4,Electronics,490.2534062827458,1,Purchase
1089,2024-05-05,13,Clothing,244.1604395308988,4,View
1001,2024-05-06,18,Books,270.8061902629983,5,Add to Cart
1016,2024-05-07,1,Electronics,92.48510840037382,2,Purchase
1061,2024-05-08,16,Clothing,130.98463906711692,1,Add to Cart
1064,2024-05-09,13,nan,,3,Purchase
1063,2024-05-10,10,Electronics,184.53096708762112,5,Purchase
1069,2024-05-11,12,Home,415.1393371602453,2,View
1022,2024-05-12,2,Books,357.4167249006456,4,Purchase
1093,2024-05-13,3,Electronics,96.8137533832141,2,Purchase
1067,2024-05-14,10,Books,258.6487193986736,5,Purchase
1076,2024-05-15,2,nan,,5,Purchase
1026,2024-05-16,13,Books,125.1682352538743,2,Add to Cart
1016,2024-05-17,13,Books,417.0373701548377,4,Purchase
1051,2024-05-18,18,Books,276.96555219714156,2,View
1086,2024-05-19,3,Books,90.96860471687557,5,View
1057,2024-05-20,7,Electronics,295.6623688206552,5,Purchase
1029,2024-05-21,14,Home,499.8597640363979,3,Purchase
1078,2024-05-22,20,Clothing,83.75553091507264,3,View
1092,2024-05-23,17,Books,410.21089575856877,1,View
1069,2024-05-24,12,Clothing,111.5814115619034,5,View
1047,2024-05-25,16,nan,,3,View
1094,2024-05-26,12,Books,369.94318232949246,2,View
1062,2024-05-27,15,Home,157.23979894421186,4,View
1069,2024-05-28,10,Clothing,169.6533276065804,2,Purchase
1076,2024-05-29,7,Books,398.33548206183036,4,View
1016,2024-05-30,20,Electronics,236.10830082478319,3,Purchase
1090,2024-05-31,5,Home,368.1008340687863,1,Add to Cart
1090,2024-06-01,1,Clothing,82.51223220925904,2,Purchase
1048,2024-06-02,17,Clothing,427.7533131317612,2,Purchase
1085,2024-06-03,3,nan,,2,Purchase
1039,2024-06-04,13,Home,454.40197632906865,4,Purchase
1100,2024-06-05,14,Home,74.86246572713651,3,View
1033,2024-06-06,18,nan,,2,View
1094,2024-06-07,4,nan,,2,Add to Cart
1023,2024-06-08,18,Electronics,183.1957628679234,1,Purchase
1010,2024-06-09,5,nan,,1,Purchase
1069,2024-06-10,16,Clothing,28.6109660120282,3,Add to Cart
1100,2024-06-11,1,Clothing,375.4714189272359,3,Add to Cart
1034,2024-06-12,14,Electronics,279.1680149075553,5,Purchase
1052,2024-06-13,15,Clothing,38.29311541589515,1,Purchase
1095,2024-06-14,9,Clothing,343.5703875506379,5,Add to Cart
1010,2024-06-15,15,Home,238.72321784328207,4,View
1019,2024-06-16,17,Clothing,26.886017118250003,5,Add to Cart
1058,2024-06-17,4,Electronics,485.1077861555667,2,Purchase
1096,2024-06-18,12,Home,475.06495011382583,5,View
1001,2024-06-19,5,Books,261.3221839121268,3,View
1069,2024-06-20,5,Home,55.899486145896,4,Purchase
1004,2024-06-21,11,Electronics,379.76439858330997,2,Purchase
1016,2024-06-22,6,Home,251.04623905180722,5,Add to Cart
1024,2024-06-23,7,Home,158.19926436179614,4,View
1080,2024-06-24,14,Electronics,250.7949069889928,4,Purchase
1002,2024-06-25,11,Home,265.9976312486776,2,Add to Cart
1092,2024-06-26,13,Electronics,285.7287325209462,5,Purchase
1032,2024-06-27,2,Electronics,226.19961969111,4,Purchase
1091,2024-06-28,7,Books,306.82009853813776,4,Purchase
1084,2024-06-29,20,Clothing,460.1800081971249,1,Purchase
1024,2024-06-30,4,Clothing,187.51136267830967,4,View
1012,2024-07-01,8,Home,365.6010669777751,1,Add to Cart
1050,2024-07-02,20,Home,448.2817528438738,5,View
1035,2024-07-03,19,Books,233.42984512236907,5,Purchase
1033,2024-07-04,13,Books,227.293359827133,5,Purchase
1033,2024-07-05,14,Books,305.037322823842,3,Add to Cart
1061,2024-07-06,10,Electronics,299.78931211701916,5,Purchase
1051,2024-07-07,11,Books,405.22877773987574,4,Add to Cart
1043,2024-07-08,2,Books,243.47685805136342,2,View
1012,2024-07-09,9,Home,498.10024532332613,1,Add to Cart
1067,2024-07-10,17,Books,39.14106874496758,3,Add to Cart
1065,2024-07-11,3,Electronics,11.552245804543851,5,Purchase
1033,2024-07-12,6,Electronics,323.69717266421566,5,Purchase
1040,2024-07-13,5,Home,156.2331070573196,2,Add to Cart
1074,2024-07-14,5,Books,127.78737046274706,2,Add to Cart
1043,2024-07-15,15,Books,162.83054920209742,3,Purchase
1044,2024-07-16,17,Electronics,135.4633069014276,1,Purchase
1029,2024-07-17,9,Books,25.087124333619446,5,View
1013,2024-07-18,3,Books,486.05119077138846,3,View
1012,2024-07-19,20,Books,118.16528934186306,4,View
1095,2024-07-20,17,Clothing,369.6745836687601,4,Add to Cart
1046,2024-07-21,10,Home,383.6722334001459,3,Purchase
1002,2024-07-22,3,Clothing,465.33612502354237,5,Add to Cart
1035,2024-07-23,18,Home,24.969233975756186,3,Add to Cart
1087,2024-07-24,18,Electronics,437.3036858390338,5,Purchase
1081,2024-07-25,17,Books,268.3408286115021,2,Purchase
1090,2024-07-26,3,nan,,3,Purchase
1008,2024-07-27,3,Clothing,325.7904357893065,5,View
1093,2024-07-28,6,Books,411.7009244425165,3,Add to Cart
1026,2024-07-29,13,Electronics,173.36958785796415,3,Purchase
1074,2024-07-30,15,Home,369.1950830313968,5,Add to Cart
1090,2024-07-31,9,Home,269.00327376387656,5,View
1034,2024-08-01,4,nan,,1,View
1007,2024-08-02,14,Books,495.3675560573654,3,Purchase
1068,2024-08-03,5,Clothing,108.31899852784301,4,Purchase
1058,2024-08-04,2,Clothing,497.37783436439895,3,Add to Cart
1075,2024-08-05,11,Home,54.00795559855926,3,Purchase
1029,2024-08-06,9,Electronics,11.135598473358794,5,Purchase
1036,2024-08-07,3,Electronics,31.639348727137317,3,Purchase
1089,2024-08-08,9,nan,,3,Add to Cart
1021,2024-08-09,3,Electronics,320.12410203243275,4,Purchase
1036,2024-08-10,2,Clothing,43.82447503504632,5,Add to Cart
1010,2024-08-11,12,Home,12.776249119487963,3,Add to Cart
1073,2024-08-12,10,Clothing,469.17460394480946,2,View
1024,2024-08-13,9,Clothing,412.7440516105655,1,Add to Cart
1064,2024-08-14,15,Home,406.4997538581252,4,Purchase
1099,2024-08-15,8,Electronics,443.3678949959688,3,Purchase
1049,2024-08-16,5,Clothing,353.01679365833115,2,View
1099,2024-08-17,11,Clothing,61.158023576559906,3,Add to Cart
1036,2024-08-18,2,Home,205.5590921561243,3,View
1082,2024-08-19,15,Electronics,364.3432483676685,5,Purchase
1096,2024-08-20,6,Clothing,147.36388578784525,5,Purchase
1024,2024-08-21,8,Home,346.8291184267564,5,Add to Cart
1023,2024-08-22,5,Clothing,22.004239651149653,2,View
1062,2024-08-23,16,Books,160.00729703100066,3,Purchase
1096,2024-08-24,18,Home,279.0738647758146,1,Add to Cart
1037,2024-08-25,6,nan,,4,Purchase
1012,2024-08-26,5,Electronics,292.7499255863363,5,Purchase
1055,2024-08-27,16,Electronics,351.90057527598043,5,Purchase
1013,2024-08-28,13,Electronics,12.983486637521144,3,Purchase
1023,2024-08-29,5,Clothing,59.46118798898553,3,View
1089,2024-08-30,13,Clothing,435.78268361678107,2,Purchase
1099,2024-08-31,17,Electronics,344.056835604179,2,Purchase
1030,2024-09-01,18,Electronics,65.33650491614554,5,Purchase
1017,2024-09-02,8,Electronics,422.61647432530384,3,Purchase
1062,2024-09-03,13,Clothing,128.6932967340378,1,Add to Cart
1084,2024-09-04,19,Electronics,244.3473432556595,4,Purchase
1089,2024-09-05,3,Electronics,81.14629131348354,3,Purchase
1086,2024-09-06,8,Books,357.95392764663626,3,Purchase
1013,2024-09-07,2,Books,336.75866629699124,2,Purchase
1059,2024-09-08,8,Electronics,113.44511087140673,4,Purchase
1019,2024-09-09,13,Home,433.0663757599309,5,Add to Cart
1049,2024-09-10,13,Electronics,206.63995186765897,3,Purchase
1100,2024-09-11,1,Books,153.3323946246635,5,Add to Cart
1012,2024-09-12,6,Home,84.64149883762238,3,View
1061,2024-09-13,19,Home,140.42232613261336,5,Add to Cart
1019,2024-09-14,16,Electronics,20.793191399670327,4,Purchase
1076,2024-09-15,8,Books,295.79617130349664,2,Add to Cart
1009,2024-09-16,1,nan,,4,Purchase
1071,2024-09-17,16,Home,279.0004202264045,1,Purchase
1028,2024-09-18,9,Electronics,117.4442413426991,2,Purchase
1078,2024-09-19,13,Clothing,26.497897324797634,4,View
1095,2024-09-20,11,Clothing,115.16775589681339,1,Add to Cart
1052,2024-09-21,13,Books,213.89949975483523,3,Purchase
1083,2024-09-22,10,Clothing,382.2096000629003,3,Purchase
1016,2024-09-23,4,nan,,5,View
1069,2024-09-24,6,Books,362.69781214379617,2,Add to Cart
1099,2024-09-25,7,Books,434.797399492423,3,Add to Cart
1012,2024-09-26,5,Clothing,232.43395557309495,2,View
1025,2024-09-27,11,nan,,3,View
1052,2024-09-28,13,Home,281.7821005371968,5,Add to Cart
1085,2024-09-29,19,Electronics,322.17451016964344,4,Purchase
1100,2024-09-30,10,Electronics,267.87644556571934,5,Purchase
1053,2024-10-01,10,Books,236.95463120815745,1,Add to Cart
1023,2024-10-02,11,Electronics,124.98018647016617,3,Purchase
1016,2024-10-03,7,Clothing,158.56508913591256,1,Purchase
1057,2024-10-04,18,Clothing,152.08535828236842,1,Add to Cart
1039,2024-10-05,4,Electronics,286.0115761673692,2,Purchase
1053,2024-10-06,2,Clothing,68.77730958170605,3,Add to Cart
1042,2024-10-07,14,Electronics,459.2279284441442,1,Purchase
1058,2024-10-08,13,Electronics,363.1210211887255,4,Purchase
1039,2024-10-09,12,Electronics,206.70835914746488,1,Purchase
1014,2024-10-10,7,Books,87.7258308179252,4,View
1095,2024-10-11,2,Electronics,442.1761631636016,2,Purchase
1005,2024-10-12,13,Books,413.651264149571,1,View
1035,2024-10-13,14,Electronics,363.64356083141786,5,Purchase
1087,2024-10-14,17,Electronics,143.05805323150875,2,Purchase
1093,2024-10-15,9,Electronics,207.1988523424978,4,Purchase
1075,2024-10-16,17,Clothing,60.34664370168745,2,View
1018,2024-10-17,8,Books,102.62936711649054,1,View
1076,2024-10-18,2,Books,393.67815228519913,3,Add to Cart
1009,2024-10-19,13,Electronics,360.3689722368351,3,Purchase
1074,2024-10-20,3,nan,,4,View
1058,2024-10-21,16,Clothing,448.9060957038247,4,View
1017,2024-10-22,6,nan,,3,View
1007,2024-10-23,19,Clothing,238.81431998216925,4,Purchase
1046,2024-10-24,7,Books,176.7816656898237,2,View
1013,2024-10-25,10,Books,470.81976781072456,5,Purchase
1040,2024-10-26,9,Books,50.530576146933214,5,Add to Cart
1042,2024-10-27,2,Electronics,466.13481230979613,2,Purchase
1009,2024-10-28,15,Books,415.09018336619897,5,View
1050,2024-10-29,5,Home,73.66566302249363,1,Add to Cart
1027,2024-10-30,4,Home,286.8423352608742,2,Add to Cart
1066,2024-10-31,20,Clothing,434.60851105705257,4,Add to Cart
1005,2024-11-01,4,Books,290.1864901675053,2,Add to Cart
1029,2024-11-02,18,Home,454.52791256470493,3,Purchase
1037,2024-11-03,4,Clothing,472.0620702398608,4,Purchase
1038,2024-11-04,17,Books,216.96841587030988,3,View
1083,2024-11-05,12,Electronics,194.88369408909855,4,Purchase
1008,2024-11-06,17,Home,468.79736544488685,5,View
1065,2024-11-07,10,Electronics,340.81862996333734,2,Purchase
1086,2024-11-08,1,Books,66.85111386060295,1,Add to Cart
1017,2024-11-09,18,Home,30.722957119113786,4,Purchase
1071,2024-11-10,18,Books,286.6682349886589,4,Purchase
1089,2024-11-11,14,Electronics,465.78377306482804,3,Purchase
1045,2024-11-12,15,Home,423.681864178851,5,Purchase
1004,2024-11-13,12,Electronics,341.16539576752484,3,Purchase
1036,2024-11-14,4,Books,78.16676595663289,3,Purchase
1070,2024-11-15,3,Books,134.57337803686084,5,Purchase
1031,2024-11-16,20,Electronics,439.00050101078193,1,Purchase
1019,2024-11-17,12,Home,99.57554596188123,3,View
1061,2024-11-18,7,Electronics,146.43531004271293,3,Purchase
1054,2024-11-19,11,Books,73.50431908576655,4,Purchase
1039,2024-11-20,1,Electronics,341.2930333930614,5,Purchase
1091,2024-11-21,6,Books,472.5513296279727,2,Add to Cart
1074,2024-11-22,15,Electronics,141.79433548173913,1,Purchase
1090,2024-11-23,15,nan,,1,Add to Cart
1019,2024-11-24,19,Home,320.8264724584901,5,View
1039,2024-11-25,11,Electronics,499.73846162565906,4,Purchase
1067,2024-11-26,2,Electronics,61.355951848810335,4,Purchase
1045,2024-11-27,14,Home,254.2996917577975,5,View
1013,2024-11-28,2,Books,198.70885875222504,4,Purchase
1092,2024-11-29,4,Home,434.251880958954,1,Add to Cart
1058,2024-11-30,17,Books,243.2241881957114,1,Purchase
1020,2024-12-01,3,Electronics,64.37898704672256,2,Purchase
1092,2024-12-02,13,Electronics,320.867831190426,5,Purchase
1072,2024-12-03,9,Books,387.68250294930107,3,Add to Cart
1061,2024-12-04,7,Electronics,11.41181331615115,3,Purchase
1039,2024-12-05,15,Books,430.88877585610845,2,Purchase
1001,2024-12-06,11,Clothing,101.15127000277616,2,View
1003,2024-12-07,20,Home,280.51398868015514,4,Purchase
1077,2024-12-08,2,Clothing,213.74077533685056,2,View
1092,2024-12-09,15,Books,362.6303701391599,2,Purchase
1062,2024-12-10,14,Home,191.8691912450135,3,Add to Cart
1063,2024-12-11,20,nan,,4,Purchase
1025,2024-12-12,11,Home,367.9432168698072,2,View
1056,2024-12-13,3,Home,327.37945382083154,2,View
1033,2024-12-14,17,Home,400.15789182579863,4,Add to Cart
1038,2024-12-15,12,Home,379.47128711490734,5,View
1006,2024-12-16,15,Books,27.609950711561137,4,Purchase
1058,2024-12-17,16,Home,203.4198333839658,3,Add to Cart
1044,2024-12-18,5,Home,466.09557568508,5,View
1045,2024-12-19,20,Clothing,71.60489180619085,1,View
1032,2024-12-20,6,Electronics,371.1773097117051,4,Purchase
1045,2024-12-21,19,Electronics,487.54998755431154,3,Purchase
1061,2024-12-22,5,Clothing,35.5773282320361,5,Add to Cart
1047,2024-12-23,3,Clothing,344.2750015070391,4,View
1021,2024-12-24,1,Books,239.3955292375049,2,Purchase
1080,2024-12-25,6,Books,293.79587513361383,4,Add to Cart
1085,2024-12-26,15,Books,51.81725487731917,1,View
1075,2024-12-27,2,Clothing,31.073406414800345,4,View
1036,2024-12-28,3,Clothing,336.76466366995163,5,Add to Cart
1099,2024-12-29,17,Home,413.42162061215174,5,Add to Cart
1019,2024-12-30,12,Books,393.18751411715397,4,Purchase
1020,2024-12-31,18,Books,276.4648066544563,5,View
1057,2025-01-01,15,Books,58.934742356727305,2,View
1018,2025-01-02,12,Electronics,347.14177747964675,4,Purchase
1047,2025-01-03,16,Home,128.52555294153152,2,Add to Cart
1049,2025-01-04,8,Books,456.423664356018,2,Purchase
1014,2025-01-05,14,Books,420.7500261773954,3,View
1015,2025-01-06,17,nan,,4,Add to Cart
1031,2025-01-07,8,Electronics,474.9345183572539,5,Purchase
1001,2025-01-08,15,Electronics,25.396692540523738,2,Purchase
1054,2025-01-09,14,Clothing,370.7382082797734,3,View
1003,2025-01-10,18,Home,171.8189618748386,4,Purchase
1016,2025-01-11,20,Clothing,453.972283986319,4,Purchase
1087,2025-01-12,7,Home,140.67084636436903,1,View
1057,2025-01-13,3,Electronics,365.1796846643584,1,Purchase
1075,2025-01-14,12,Books,440.0470396288829,2,Purchase
1012,2025-01-15,3,Clothing,30.41184100751439,1,Add to Cart
1074,2025-01-16,20,Books,204.8473140000977,2,Purchase
1096,2025-01-17,14,Clothing,383.5314256907499,5,View
1016,2025-01-18,15,Electronics,232.91025585871768,2,Purchase
1072,2025-01-19,14,Electronics,140.9537885988617,1,Purchase
1076,2025-01-20,7,Electronics,117.70462092336311,5,Purchase
1024,2025-01-21,17,Clothing,74.44395078902518,1,Purchase
1028,2025-01-22,12,Home,429.9934843295783,2,Purchase
1008,2025-01-23,20,Clothing,291.92414759326243,3,View
1092,2025-01-24,4,Home,47.42862304581343,4,Purchase
1036,2025-01-25,9,Clothing,197.46435854961135,1,Add to Cart
1090,2025-01-26,6,Clothing,190.18948889450385,2,View
1008,2025-01-27,16,Electronics,99.05220344763686,5,Purchase
1058,2025-01-28,2,Books,223.39873648137345,1,Purchase
1060,2025-01-29,8,Books,172.72868904263686,1,Add to Cart
1050,2025-01-30,11,Home,177.48381569116944,4,View
1028,2025-01-31,13,Books,372.12301331609973,2,View
1092,2025-02-01,17,Clothing,119.3990588975462,3,Purchase
1041,2025-02-02,8,Clothing,324.5113798391242,5,Purchase
1100,2025-02-03,18,Electronics,289.6183157016581,2,Purchase
1064,2025-02-04,18,Electronics,288.36533104555497,5,Purchase
1027,2025-02-05,14,Books,334.8735996094702,1,Add to Cart
1063,2025-02-06,15,Home,278.70719773587047,4,View
1017,2025-02-07,6,Books,440.83500627472847,4,Add to Cart
1073,2025-02-08,11,Books,341.0342450556273,3,Add to Cart
1033,2025-02-09,13,Books,278.0119931719802,4,Add to Cart
1084,2025-02-10,1,Books,416.583928940946,1,View
1077,2025-02-11,6,Clothing,307.0118168174051,3,Purchase
1092,2025-02-12,9,Home,152.66068141473772,2,View
1029,2025-02-13,8,Clothing,111.4765099065199,4,Purchase
1013,2025-02-14,11,Home,84.6406149747126,3,Add to Cart
1046,2025-02-15,19,Electronics,450.73305414758977,1,Purchase
1035,2025-02-16,9,Books,357.96636158105224,5,Add to Cart
1006,2025-02-17,17,Clothing,469.3154347005172,5,Add to Cart
1082,2025-02-18,12,Home,305.61298480032207,1,Add to Cart
1069,2025-02-19,14,Electronics,241.96643193250716,1,Purchase
1047,2025-02-20,15,Electronics,39.261079595735765,5,Purchase
1025,2025-02-21,16,Books,339.1047179575546,3,Add to Cart
1066,2025-02-22,20,Home,295.2822922864333,5,View
1010,2025-02-23,1,Clothing,495.2023578579345,1,View
1056,2025-02-24,10,nan,,4,Add to Cart
1030,2025-02-25,8,Clothing,270.0613040905496,2,Purchase
1005,2025-02-26,18,Electronics,328.96909420785556,4,Purchase
1033,2025-02-27,1,nan,,4,View
1065,2025-02-28,2,Clothing,285.03383604471736,1,View
1018,2025-03-01,1,Books,390.6947250603405,5,Add to Cart
1096,2025-03-02,1,Clothing,110.44079266814005,3,View
1049,2025-03-03,9,Books,365.5573281344638,4,View
1011,2025-03-04,13,Electronics,313.6699400022137,5,Purchase
1085,2025-03-05,1,Books,449.07680477934093,3,View
1026,2025-03-06,13,Books,425.12527512645505,4,Purchase
1063,2025-03-07,20,Home,164.4220491749511,3,Add to Cart
1089,2025-03-08,7,Clothing,145.356289237825,5,Add to Cart
1086,2025-03-09,2,Electronics,491.0101286876995,2,Purchase
1059,2025-03-10,6,Books,268.3599386484757,5,Purchase
1027,2025-03-11,7,nan,,1,Add to Cart
1049,2025-03-12,14,Home,90.30170165243628,3,View
1077,2025-03-13,18,Clothing,324.9812682520854,2,View
1033,2025-03-14,15,Books,406.8314918066872,3,Add to Cart
1098,2025-03-15,2,Clothing,474.223672297359,3,View
1099,2025-03-16,10,nan,,4,Purchase
1001,2025-03-17,12,nan,,1,View
1021,2025-03-18,17,Electronics,274.0183744294133,3,Purchase
1055,2025-03-19,8,nan,,5,View
1006,2025-03-20,11,Electronics,348.09987128138226,5,Purchase
1092,2025-03-21,3,Home,348.14731353654327,4,Purchase
1081,2025-03-22,6,Clothing,465.99733437480313,1,View
1069,2025-03-23,9,Electronics,253.68309862279648,1,Purchase
1095,2025-03-24,6,Electronics,122.82295114815219,5,Purchase
1005,2025-03-25,9,Clothing,31.836273489852786,2,Purchase
1003,2025-03-26,7,Electronics,213.6646714760938,4,Purchase
1053,2025-03-27,9,Clothing,157.93918303797588,4,Purchase
1023,2025-03-28,18,Books,382.933269951699,5,View
1053,2025-03-29,12,Clothing,183.59120477211283,5,Purchase
1037,2025-03-30,8,Books,475.04488619427354,2,View
1074,2025-03-31,8,nan,,2,Purchase
1074,2025-04-01,18,Home,314.245209206677,1,View
1083,2025-04-02,20,Home,465.0435406372926,4,View
1017,2025-04-03,15,Books,382.8186288121029,4,Add to Cart
1085,2025-04-04,7,Books,277.96122407781183,5,Add to Cart
1078,2025-04-05,11,Home,98.35088835716128,1,Purchase
1073,2025-04-06,20,Books,234.7129923217816,4,View
1001,2025-04-07,16,Clothing,284.82848704768264,1,Purchase
1051,2025-04-08,4,nan,,1,Add to Cart
1045,2025-04-09,6,Home,245.85335450247578,5,Purchase
1077,2025-04-10,3,Electronics,449.86058961219874,1,Purchase
1004,2025-04-11,9,Clothing,340.43099972149975,2,Add to Cart
1062,2025-04-12,10,Books,77.12954089629898,2,View
1065,2025-04-13,14,Electronics,497.54087096929555,3,Purchase
1032,2025-04-14,11,Electronics,268.34400376941716,5,Purchase
1034,2025-04-15,18,Clothing,202.01056524044864,3,View
1092,2025-04-16,12,Clothing,332.96574459006797,2,Add to Cart
1095,2025-04-17,12,Electronics,63.35772385070915,3,Purchase
1072,2025-04-18,13,Electronics,321.9039369091436,5,Purchase
1039,2025-04-19,13,Home,254.13564024464375,5,View
1026,2025-04-20,19,Books,209.27029429930573,1,Add to Cart
1034,2025-04-21,19,Home,476.9798103776606,4,Add to Cart
1054,2025-04-22,14,Clothing,266.0444611987061,1,Add to Cart
1003,2025-04-23,4,Home,117.36756494026983,5,View
1050,2025-04-24,13,Home,234.89210489487633,2,View
1012,2025-04-25,8,Home,460.4998282406096,2,Purchase
1065,2025-04-26,19,Home,96.28678095199139,1,View
1054,2025-04-27,12,Books,114.83894895723608,5,Purchase
1005,2025-04-28,18,Books,16.384488200971035,2,Add to Cart
1094,2025-04-29,6,Electronics,16.953124203925917,5,Purchase
1094,2025-04-30,18,Clothing,416.4018972096711,2,View
1057,2025-05-01,19,Home,368.7400773530484,5,Add to Cart
1017,2025-05-02,5,Electronics,183.97011766145954,3,Purchase
1047,2025-05-03,9,Electronics,352.17246704151063,5,Purchase
1023,2025-05-04,3,Electronics,203.6509038918854,5,Purchase
1079,2025-05-05,10,Books,476.9194300389355,1,View
1085,2025-05-06,19,Home,483.85581389875705,3,Purchase
1014,2025-05-07,3,nan,,4,View
1066,2025-05-08,15,Clothing,428.5687341070253,1,View
1075,2025-05-09,1,Home,388.81363043175844,4,Add to Cart
1051,2025-05-10,7,Home,161.89996921417676,2,View
1038,2025-05-11,12,Electronics,123.69951616154192,4,Purchase
1064,2025-05-12,17,nan,,5,Purchase
1098,2025-05-13,20,Home,392.8609319010591,4,Add to Cart
1038,2025-05-14,5,Books,480.48221451708525,1,Purchase
1050,2025-05-15,4,Home,384.15374374462056,1,Purchase
1098,2025-05-16,12,Electronics,429.0514226590013,4,Purchase
1082,2025-05-17,20,Books,305.5015100235531,1,Add to Cart
1030,2025-05-18,18,Electronics,419.3498371126417,1,Purchase
1079,2025-05-19,17,Home,394.36622042167465,4,View
1091,2025-05-20,19,nan,,3,Add to Cart
1051,2025-05-21,9,Clothing,280.4752480391533,3,Add to Cart
1063,2025-05-22,4,Clothing,404.32902977495047,2,Add to Cart
1098,2025-05-23,2,nan,,1,Purchase
1052,2025-05-24,4,Books,405.9588483543567,4,Purchase
1038,2025-05-25,2,Electronics,97.16518078402149,1,Purchase
1097,2025-05-26,15,Books,262.1949723895051,5,Purchase
1088,2025-05-27,2,Electronics,406.0549653824094,1,Purchase
1079,2025-05-28,4,Home,134.3723282967805,1,Purchase
1030,2025-05-29,6,Electronics,130.44564526001497,3,Purchase
1051,2025-05-30,7,Books,207.35455524650342,4,Purchase
1081,2025-05-31,10,Books,448.37497081304093,1,View
1005,2025-06-01,19,Home,10.216962904231863,3,Purchase
1029,2025-06-02,19,nan,,2,Add to Cart
1004,2025-06-03,12,Books,85.36544207438781,3,View
1010,2025-06-04,3,Clothing,495.1423242730662,3,Add to Cart
1056,2025-06-05,13,Clothing,477.8750265888494,3,Add to Cart
1017,2025-06-06,18,Home,252.39084289972882,1,View
1074,2025-06-07,8,Electronics,261.23292142818775,1,Purchase
1017,2025-06-08,15,nan,,2,Add to Cart
1084,2025-06-09,1,Electronics,321.3673863731661,5,Purchase
1088,2025-06-10,3,Books,54.45363409511621,5,Add to Cart
1069,2025-06-11,8,Clothing,25.982794687367587,5,Add to Cart
1034,2025-06-12,4,Home,38.27443492379044,2,Add to Cart
1006,2025-06-13,16,Home,227.73902112834205,5,Add to Cart
1053,2025-06-14,10,Home,145.01849021754686,5,View
1066,2025-06-15,12,Clothing,314.79938556178695,3,Purchase
1077,2025-06-16,14,Electronics,496.29672179364167,1,Purchase
1043,2025-06-17,14,Books,199.2983548074683,1,Add to Cart
1075,2025-06-18,2,Electronics,291.18221451121155,3,Purchase
1023,2025-06-19,5,Electronics,213.64590899459438,3,Purchase
1055,2025-06-20,5,Books,425.1631171837111,3,View
1080,2025-06-21,6,Books,452.0958376964967,1,Purchase
1095,2025-06-22,13,Clothing,439.90424998057745,5,Purchase
1075,2025-06-23,9,Clothing,487.44239695283625,3,Add to Cart
1016,2025-06-24,15,Clothing,23.484400718803492,2,Add to Cart
1008,2025-06-25,14,Clothing,421.50991945131017,3,Add to Cart
1004,2025-06-26,7,Clothing,378.3683647891557,4,View
1004,2025-06-27,20,Books,122.06026060617874,3,Add to Cart
1056,2025-06-28,2,Electronics,478.5968457598885,1,Purchase
1025,2025-06-29,7,nan,,3,Purchase
1067,2025-06-30,6,Clothing,342.9794642956151,4,Add to Cart
1096,2025-07-01,17,Electronics,120.19620623979712,2,Purchase
1067,2025-07-02,2,Clothing,221.3765178992966,5,Add to Cart
1027,2025-07-03,3,Electronics,362.38834950283876,3,Purchase
1093,2025-07-04,5,Electronics,286.02907459619286,4,Purchase
1032,2025-07-05,5,Books,219.47589735077474,4,Purchase
1050,2025-07-06,1,Home,169.90583115667374,2,View
1061,2025-07-07,8,Books,421.43323129730726,1,Purchase
1051,2025-07-08,12,Home,80.46903165425871,3,Purchase
1019,2025-07-09,4,Home,220.75040949960203,4,Purchase
1021,2025-07-10,13,Home,452.84121016981965,2,Add to Cart
1005,2025-07-11,15,Clothing,424.46627972538414,5,Add to Cart
1082,2025-07-12,11,Books,206.46146361179288,4,Add to Cart
1092,2025-07-13,10,nan,,2,View
1042,2025-07-14,3,Electronics,413.34880704734104,1,Purchase
1061,2025-07-15,14,Clothing,445.5548377617786,1,Purchase
1022,2025-07-16,16,Books,276.8078268341217,4,View
1021,2025-07-17,10,Home,110.18583416680877,4,Purchase
1070,2025-07-18,10,Electronics,135.1014474869265,3,Purchase
1001,2025-07-19,12,Books,154.89039028038607,2,Purchase
1005,2025-07-20,9,Books,300.9632155967116,4,View
1012,2025-07-21,1,Clothing,26.076715823018134,3,Add to Cart
1090,2025-07-22,5,Books,321.66080970218445,3,View
1046,2025-07-23,20,nan,,4,Purchase
1034,2025-07-24,8,nan,,1,Purchase
1049,2025-07-25,11,Clothing,440.9533196567819,2,View
1078,2025-07-26,12,Electronics,235.40117383459148,2,Purchase
1090,2025-07-27,1,Clothing,56.57599231101946,1,Purchase
1045,2025-07-28,20,Electronics,415.10591633286106,4,Purchase
1027,2025-07-29,11,Clothing,33.34421614388823,2,View
1073,2025-07-30,5,nan,,4,View
1026,2025-07-31,15,Home,389.21404866762595,4,Purchase
1047,2025-08-01,5,nan,,3,Purchase
1086,2025-08-02,12,Clothing,414.1460495761155,1,Add to Cart
1056,2025-08-03,5,nan,,4,Add to Cart
1094,2025-08-04,17,Clothing,237.01389010367043,5,View
1063,2025-08-05,17,Books,32.247607919659345,1,Add to Cart
1048,2025-08-06,12,Books,152.1143048879639,2,Purchase
1061,2025-08-07,15,Electronics,466.1948857337969,3,Purchase
1081,2025-08-08,15,Electronics,201.993742008915,2,Purchase
1026,2025-08-09,6,nan,,2,View
1036,2025-08-10,12,nan,,1,View
1001,2025-08-11,20,nan,,2,Purchase
1008,2025-08-12,18,Home,40.05216826520848,4,Add to Cart
1099,2025-08-13,14,Books,187.46636485137685,2,View
1052,2025-08-14,2,Electronics,364.33285420245153,3,Purchase
1079,2025-08-15,9,Clothing,108.27452302576162,3,Add to Cart
1047,2025-08-16,5,Home,109.75340499771661,5,Add to Cart
1056,2025-08-17,20,Books,14.944397277622116,3,Purchase
1086,2025-08-18,1,Electronics,224.36614403802275,2,Purchase
1014,2025-08-19,3,Books,442.5398465299768,3,Add to Cart
1090,2025-08-20,6,Clothing,35.43146235778141,1,Add to Cart
1028,2025-08-21,5,Home,103.64816765304128,3,Purchase
1087,2025-08-22,5,Books,161.94142378795,4,Purchase
1078,2025-08-23,1,nan,,1,View
1088,2025-08-24,17,Books,323.9114404732674,5,Purchase
1002,2025-08-25,19,Clothing,213.81251324510896,4,View
1026,2025-08-26,14,Books,381.9437802366041,2,Add to Cart
1014,2025-08-27,12,Clothing,308.7191957118819,2,View
1059,2025-08-28,10,Clothing,449.0599918320373,2,View
1056,2025-08-29,20,Clothing,410.8331070779596,4,Add to Cart
1007,2025-08-30,18,Home,133.87866698370829,4,View
1003,2025-08-31,11,Home,143.0049030407581,4,Purchase
1023,2025-09-01,2,Books,71.42467313826896,1,Purchase
1018,2025-09-02,18,Books,175.11271560155367,1,Purchase
1038,2025-09-03,7,nan,,2,Purchase
1099,2025-09-04,15,Electronics,208.81807262137988,3,Purchase
1015,2025-09-05,11,Home,118.03933299766213,2,View
1064,2025-09-06,18,Clothing,383.616613393021,5,Add to Cart
1089,2025-09-07,12,Home,275.8107916967015,1,View
1028,2025-09-08,6,Clothing,83.30471026820675,4,View
1074,2025-09-09,20,Books,196.53794376882422,1,View
1039,2025-09-10,13,Electronics,213.09016061427823,4,Purchase
1057,2025-09-11,20,Books,379.37655327891713,5,Purchase
1017,2025-09-12,16,Clothing,20.128970757033187,5,View
1086,2025-09-13,18,Clothing,141.81962693117214,1,Add to Cart
1090,2025-09-14,10,Clothing,263.6221876446058,4,Add to Cart
1044,2025-09-15,8,Electronics,141.73490380189324,5,Purchase
1025,2025-09-16,18,Home,317.93268323530947,2,Purchase
1017,2025-09-17,1,Books,246.11506484456214,2,View
1013,2025-09-18,8,Books,187.23802488119452,4,Add to Cart
1084,2025-09-19,6,Home,475.112227166551,1,Purchase
1025,2025-09-20,5,nan,,5,Add to Cart
1068,2025-09-21,15,Electronics,73.6712724112912,1,Purchase
1010,2025-09-22,15,Books,284.4449317472638,2,Add to Cart
1067,2025-09-23,2,Clothing,392.5586080684415,5,Add to Cart
1018,2025-09-24,1,Home,357.1599517714707,1,Add to Cart
1100,2025-09-25,11,Electronics,94.3237223546771,3,Purchase
1086,2025-09-26,10,Home,486.48579952965065,4,View
